timestamp,open,high,low,close,volume,atr,vwap,vwap_upper,vwap_lower,ema_20,market_regime
2025-12-29 21:21:00+00:00,4353.5,4354.6,4352.3,4352.3,162,2.300000000000182,4353.066666666667,4353.641666666666,4352.491666666667,4352.3,unknown
2025-12-29 21:24:00+00:00,4352.5,4353.4,4351.4,4352.5,164,2.260000000000158,4352.748057259714,4353.313057259714,4352.183057259715,4352.3190476190475,unknown
2025-12-29 21:27:00+00:00,4352.7,4352.8,4348.7,4349.7,403,2.505333333333519,4351.450022862369,4352.076356195703,4350.823689529036,4352.069614512472,unknown
2025-12-29 21:30:00+00:00,4350.0,4350.7,4347.8,4350.4,321,2.557955555555668,4350.894634920635,4351.534123809524,4350.255146031746,4351.910603606522,unknown
2025-12-29 21:33:00+00:00,4350.3,4351.1,4349.5,4350.2,157,2.430228148148294,4350.812952223143,4351.42050926018,4350.205395186106,4351.74768897733,unknown
2025-12-29 21:36:00+00:00,4350.2,4350.2,4346.8,4348.3,435,2.5595310617284732,4350.182541615915,4350.822424381347,4349.542658850483,4351.419337646155,unknown
2025-12-29 21:39:00+00:00,4348.5,4348.5,4345.7,4347.1,368,2.5915935868313675,4349.6181757877275,4350.266074184436,4348.970277391019,4351.007972156045,unknown
2025-12-29 21:42:00+00:00,4347.0,4348.8,4346.6,4348.0,277,2.539381108587161,4349.397959481125,4350.0328047582725,4348.763114203978,4350.721498617374,unknown
2025-12-29 21:45:00+00:00,4347.8,4350.4,4347.7,4348.7,210,2.5607969607755154,4349.358883994126,4349.99908323432,4348.7186847539315,4350.528974939529,unknown
2025-12-29 21:48:00+00:00,4348.9,4350.7,4348.0,4349.7,236,2.5793573660054228,4349.368191242835,4350.013030584336,4348.723351901333,4350.4500249452885,unknown
2025-12-29 21:51:00+00:00,4349.8,4350.5,4349.2,4349.3,160,2.4087763838713907,4349.384698698007,4349.986892793975,4348.782504602039,4350.3404987600225,unknown
2025-12-29 21:54:00+00:00,4349.3,4349.9,4348.4,4348.9,191,2.2876061993552055,4349.365002161695,4349.936903711534,4348.793100611856,4350.203308401925,unknown
2025-12-29 21:57:00+00:00,4349.1,4350.7,4348.6,4349.9,318,2.2625920394411057,4349.399431706839,4349.9650797167,4348.833783696979,4350.1744218874555,unknown
2025-12-29 23:00:00+00:00,4349.9,4357.1,4347.9,4355.0,1043,3.1875797675157216,4350.322504686914,4351.119399628793,4349.525609745035,4350.634000755317,unknown
2025-12-29 23:03:00+00:00,4354.9,4359.3,4352.5,4358.6,949,3.6692357985136494,4351.462130762576,4352.379439712204,4350.544821812948,4351.392667350049,unknown
2025-12-29 23:06:00+00:00,4358.6,4361.8,4357.5,4361.6,961,3.7533376920451875,4352.798589037504,4353.736923460515,4351.860254614493,4352.364794269092,unknown
2025-12-29 23:09:00+00:00,4361.8,4363.4,4358.5,4359.3,1328,3.9062259997724476,4354.112486441928,4355.089042941871,4353.135929941985,4353.025290052989,unknown
2025-12-29 23:12:00+00:00,4359.3,4360.7,4355.6,4356.6,883,4.065395866469382,4354.475422211845,4355.491771178463,4353.459073245228,4353.365738619371,unknown
2025-12-29 23:15:00+00:00,4356.6,4356.9,4348.3,4349.4,1549,4.670009750940059,4354.02487394958,4355.192376387315,4352.8573715118455,4352.9880492270495,unknown
2025-12-29 23:18:00+00:00,4349.5,4350.1,4338.5,4342.4,2184,5.594008450814766,4352.185511017156,4353.58401312986,4350.787008904453,4351.979663586378,unknown
2025-12-29 23:21:00+00:00,4342.3,4349.2,4341.7,4347.7,774,5.848140657372797,4351.831132869273,4353.293168033616,4350.369097704929,4351.572076578152,unknown
2025-12-29 23:24:00+00:00,4347.8,4349.1,4344.3,4348.2,775,5.708388569723115,4351.571952628538,4352.99904977097,4350.144855486107,4351.2509264278515,unknown
2025-12-29 23:27:00+00:00,4348.3,4349.8,4347.0,4349.4,579,5.320603427093391,4351.458030082485,4352.788180939258,4350.127879225711,4351.0746477204375,unknown
2025-12-29 23:30:00+00:00,4349.6,4351.8,4347.9,4349.0,684,5.131189636814345,4351.372417444246,4352.655214853449,4350.089620035043,4350.877062223253,unknown
2025-12-29 23:33:00+00:00,4349.2,4350.1,4347.4,4348.3,447,4.80703101857253,4351.292762565882,4352.494520320525,4350.091004811239,4350.631627725801,unknown
2025-12-29 23:36:00+00:00,4348.3,4349.6,4347.7,4348.0,259,4.419426882762932,4351.245940022339,4352.35079674303,4350.141083301648,4350.38099651382,unknown
2025-12-29 23:39:00+00:00,4348.0,4348.8,4346.9,4348.8,317,4.083503298394613,4351.1854386182395,4352.206314442838,4350.1645627936405,4350.230425417266,unknown
2025-12-29 23:42:00+00:00,4348.7,4353.1,4348.2,4352.9,799,4.192369525275404,4351.195562904782,4352.243655286101,4350.147470523462,4350.484670615621,unknown
2025-12-29 23:45:00+00:00,4352.6,4356.7,4352.1,4355.7,947,4.2467202552386105,4351.388234526473,4352.449914590283,4350.326554462663,4350.981368652228,unknown
2025-12-29 23:48:00+00:00,4355.7,4356.9,4353.9,4355.3,582,4.080490887873463,4351.513651464269,4352.533774186238,4350.4935287423,4351.392666875826,unknown
2025-12-29 23:51:00+00:00,4355.5,4358.8,4355.5,4358.8,563,4.0030921028236675,4351.696721857205,4352.697494882911,4350.6959488315,4352.098127173366,unknown
2025-12-29 23:54:00+00:00,4358.4,4361.6,4357.4,4361.0,857,4.0293464891139426,4352.054628977635,4353.0619655999135,4351.047292355356,4352.945924585427,unknown
2025-12-29 23:57:00+00:00,4360.8,4362.5,4359.4,4361.1,885,3.905433623898799,4352.435842121315,4353.412200527289,4351.45948371534,4353.722503196339,unknown
2025-12-30 00:00:00+00:00,4361.0,4361.7,4354.9,4356.0,1202,4.291375807378984,4357.533333333333,4358.606177285177,4356.4604893814885,4353.93940765383,unknown
2025-12-30 00:03:00+00:00,4356.1,4356.9,4353.5,4355.8,746,4.172525699728404,4356.716358658453,4357.759490083385,4355.673227233521,4354.116606924894,unknown
2025-12-30 00:06:00+00:00,4355.8,4360.1,4354.8,4359.4,610,4.322855606431308,4357.046312223091,4358.127026124699,4355.965598321483,4354.619787217761,unknown
2025-12-30 00:09:00+00:00,4359.5,4362.7,4359.0,4360.7,777,4.239808192240443,4357.920859570215,4358.980811618275,4356.860907522155,4355.198855101784,unknown
2025-12-30 00:12:00+00:00,4360.5,4363.1,4360.4,4362.3,774,4.034500433275148,4358.676677212623,4359.685302320941,4357.6680521043045,4355.8751546159,unknown
2025-12-30 00:15:00+00:00,4362.0,4365.3,4361.8,4363.0,1066,3.9632337088384615,4359.642769726249,4360.633578153458,4358.65196129904,4356.553711319148,unknown
2025-12-30 00:18:00+00:00,4362.9,4365.0,4360.0,4360.5,782,4.1014692143266664,4359.9303340607685,4360.95570136435,4358.904966757187,4356.929548336372,unknown
2025-12-30 00:21:00+00:00,4360.8,4362.4,4359.3,4361.8,687,3.9679399857497053,4360.058172787478,4361.050157783915,4359.066187791041,4357.393400875765,unknown
2025-12-30 00:24:00+00:00,4361.2,4364.9,4359.1,4364.5,941,4.212214654316314,4360.402460997583,4361.455514661162,4359.349407334004,4358.070219839978,unknown
2025-12-30 00:27:00+00:00,4364.6,4366.5,4364.2,4364.2,892,3.957252700407497,4360.882733671504,4361.872046846606,4359.893420496402,4358.654008426646,unknown
2025-12-30 00:30:00+00:00,4364.4,4364.4,4360.2,4361.4,714,3.9896190070198063,4360.969528161608,4361.966932913363,4359.972123409852,4358.915531433632,unknown
2025-12-30 00:33:00+00:00,4361.5,4364.4,4361.2,4362.1,615,3.8843364727504746,4361.06969542457,4362.040779542758,4360.098611306383,4359.218814154239,unknown
2025-12-30 00:36:00+00:00,4362.0,4363.4,4359.2,4360.1,638,3.926424943050387,4361.059329120388,4362.04093535615,4360.0777228846255,4359.30273661574,unknown
2025-12-30 00:39:00+00:00,4359.9,4359.9,4355.4,4356.9,842,4.029568283977099,4360.786322287199,4361.793714358194,4359.778930216205,4359.073904557098,unknown
2025-12-30 00:42:00+00:00,4357.1,4358.2,4355.1,4356.4,523,3.9056258461134132,4360.599441104242,4361.57584756577,4359.623034642714,4358.819246980232,unknown
2025-12-30 00:45:00+00:00,4356.4,4358.6,4356.0,4356.2,460,3.7315423999650066,4360.4619882087645,4361.394873808756,4359.529102608773,4358.5697948868765,unknown
2025-12-30 00:48:00+00:00,4355.9,4355.9,4349.7,4351.4,1309,4.100670079969673,4359.678337506752,4360.703505026744,4358.653169986759,4357.8869572786025,unknown
2025-12-30 00:51:00+00:00,4351.5,4353.5,4350.0,4351.5,647,4.0205807359737165,4359.313940246046,4360.319085430039,4358.308795062052,4357.2786756330215,ranging
2025-12-30 00:54:00+00:00,4351.5,4356.0,4351.1,4354.7,672,4.137836637843839,4359.071222393771,4360.105681553232,4358.03676323431,4357.033087477495,ranging
2025-12-30 00:57:00+00:00,4354.9,4355.0,4350.8,4354.9,683,4.1461250861313035,4358.829912280702,4359.866443552235,4357.793381009169,4356.829936289163,ranging
2025-12-30 01:00:00+00:00,4354.7,4355.3,4345.1,4349.6,2282,4.953308407980439,4357.701826969731,4358.940154071726,4356.463499867736,4356.141370928291,ranging
2025-12-30 01:03:00+00:00,4349.5,4351.6,4339.0,4339.6,2241,5.972867286916429,4356.107517949228,4357.600734770957,4354.614301127499,4354.566002268453,ranging
2025-12-30 01:06:00+00:00,4339.6,4352.9,4339.6,4350.3,1873,6.949818315327476,4355.382427800025,4357.119882378856,4353.644973221193,4354.159716338125,ranging
2025-12-30 01:09:00+00:00,4350.3,4353.8,4347.5,4351.1,1055,6.863175873283836,4355.172516752783,4356.888310721104,4353.456722784462,4353.868314782113,ranging
2025-12-30 01:12:00+00:00,4351.2,4352.9,4347.4,4349.6,734,6.681419090179325,4355.011730135353,4356.682084907898,4353.341375362808,4353.461808612388,ranging
2025-12-30 01:15:00+00:00,4349.9,4357.2,4349.9,4356.9,983,6.80389654482201,4354.998024082754,4356.698998218959,4353.297049946548,4353.789255411208,ranging
2025-12-30 01:18:00+00:00,4357.1,4358.4,4353.6,4353.9,758,6.536710338845645,4355.0069983533285,4356.64117593804,4353.372820768617,4353.799802514902,ranging
2025-12-30 01:21:00+00:00,4353.8,4354.1,4350.2,4352.7,808,6.185148960332965,4354.924900559905,4356.471187799988,4353.378613319822,4353.695059418244,ranging
2025-12-30 01:24:00+00:00,4352.7,4356.7,4351.1,4354.7,812,6.107129098955164,4354.902203298189,4356.4289855729285,4353.37542102345,4353.790768045078,ranging
2025-12-30 01:27:00+00:00,4354.3,4354.3,4349.6,4351.3,804,5.972845219094403,4354.810983410908,4356.304194715682,4353.317772106135,4353.553552040785,ranging
2025-12-30 01:30:00+00:00,4351.1,4351.2,4346.3,4348.1,854,5.843132523215149,4354.6247301741705,4356.0855133049745,4353.1639470433665,4353.034166132139,ranging
2025-12-30 01:33:00+00:00,4347.8,4352.7,4347.5,4352.3,601,5.757381520119772,4354.547186206114,4355.986531586144,4353.107840826084,4352.964245548126,ranging
2025-12-30 01:36:00+00:00,4352.3,4355.9,4352.0,4355.4,853,5.509730650770421,4354.543974469211,4355.921407131904,4353.166541806519,4353.19622216259,ranging
2025-12-30 01:39:00+00:00,4355.1,4359.1,4353.4,4358.4,798,5.535099897334462,4354.606266915839,4355.9900418901725,4353.222491941506,4353.691820051867,ranging
2025-12-30 01:42:00+00:00,4358.7,4364.3,4357.7,4361.9,1341,5.6770865776899155,4354.883509899003,4356.302781543425,4353.464238254581,4354.473551475498,ranging
2025-12-30 01:45:00+00:00,4361.8,4365.7,4361.3,4365.4,1147,5.506808367331212,4355.199986079625,4356.576688171458,4353.823283987792,4355.514165620689,trending_up
2025-12-30 01:48:00+00:00,4365.4,4369.3,4362.3,4369.2,1728,5.705900585020384,4355.775137108059,4357.201612254315,4354.348661961804,4356.817578418719,trending_up
2025-12-30 01:51:00+00:00,4369.3,4370.9,4366.5,4369.4,1370,5.531780507017618,4356.267374802032,4357.650319928786,4354.884429675277,4358.015904283603,trending_up
2025-12-30 01:54:00+00:00,4369.4,4374.8,4369.0,4372.7,1754,5.56754310608196,4356.994062261135,4358.385948037655,4355.602176484615,4359.414389589927,trending_up
2025-12-30 01:57:00+00:00,4372.3,4374.7,4370.5,4374.5,1309,5.385204025271007,4357.52971063794,4358.876011644258,4356.183409631622,4360.851114390886,trending_up
2025-12-30 02:00:00+00:00,4374.7,4375.0,4370.9,4372.1,1233,5.213843488568255,4357.985839157991,4359.289300030133,4356.682378285849,4361.922436829849,trending_up
2025-12-30 02:03:00+00:00,4371.9,4376.3,4367.4,4368.8,1662,5.705331023425894,4358.487307812745,4359.913640568601,4357.060975056888,4362.5774428460545,trending_up
2025-12-30 02:06:00+00:00,4369.0,4370.6,4366.9,4367.2,1043,5.437953553635872,4358.720329489795,4360.079817878204,4357.3608411013865,4363.017686384525,trending_up
2025-12-30 02:09:00+00:00,4367.0,4371.2,4366.7,4368.8,829,5.312893079817755,4358.910173520501,4360.238396790456,4357.5819502505465,4363.568382919332,trending_up
2025-12-30 02:12:00+00:00,4368.6,4369.4,4365.4,4368.9,923,5.137840669175388,4359.093040955005,4360.377501122299,4357.8085807877105,4364.076155974633,ranging
2025-12-30 02:15:00+00:00,4368.8,4369.7,4366.4,4366.9,604,4.892795246618694,4359.2056678048675,4360.428866616522,4357.982468993213,4364.345093500859,ranging
2025-12-30 02:18:00+00:00,4366.7,4371.6,4366.7,4370.4,697,4.893755880402941,4359.360385779987,4360.583824750088,4358.1369468098865,4364.921751262682,ranging
2025-12-30 02:21:00+00:00,4370.7,4371.0,4368.2,4370.5,474,4.614588429682573,4359.466340756451,4360.619987863872,4358.312693649031,4365.4530130471885,ranging
2025-12-30 02:24:00+00:00,4370.2,4371.2,4366.9,4368.6,709,4.572643305724921,4359.606094290868,4360.749255117299,4358.462933464437,4365.752726090313,ranging
2025-12-30 02:27:00+00:00,4368.3,4370.9,4367.7,4368.2,391,4.389624198294908,4359.681678756477,4360.77908480605,4358.584272706903,4365.985799795998,ranging
2025-12-30 02:30:00+00:00,4367.9,4370.2,4364.0,4364.7,1044,4.631007638522229,4359.821848500832,4360.979600410463,4358.664096591201,4365.863342672569,ranging
2025-12-30 02:33:00+00:00,4365.1,4366.6,4362.6,4365.2,802,4.546873286719265,4359.9015450335355,4361.038263355215,4358.764826711856,4365.800167179944,ranging
2025-12-30 02:36:00+00:00,4364.9,4368.0,4362.6,4367.8,863,4.660623515156648,4360.0070815099725,4361.1722373887615,4358.841925631184,4365.990627448521,ranging
2025-12-30 02:39:00+00:00,4367.7,4370.5,4367.6,4369.6,682,4.425873713135713,4360.1289285645125,4361.235396992796,4359.022460136229,4366.3343772153285,ranging
2025-12-30 02:42:00+00:00,4369.5,4369.8,4367.1,4368.1,488,4.195757218050927,4360.205733213119,4361.254672517632,4359.156793908606,4366.502531766249,ranging
2025-12-30 02:45:00+00:00,4368.1,4372.5,4368.1,4371.3,933,4.222989588977422,4360.389083839031,4361.444831236275,4359.333336441787,4366.959433502797,ranging
2025-12-30 02:48:00+00:00,4371.3,4374.5,4371.1,4372.5,872,4.113257643780384,4360.588125610314,4361.616440021259,4359.559811199369,4367.48710650253,ranging
2025-12-30 02:51:00+00:00,4372.6,4377.5,4372.1,4376.8,1169,4.284823291276284,4360.90377111954,4361.974976942359,4359.8325652967205,4368.374048740384,ranging
2025-12-30 02:54:00+00:00,4376.9,4378.5,4375.3,4376.3,815,4.140180185772755,4361.1339997854,4362.169044831843,4360.098954738957,4369.1289012413,ranging
2025-12-30 02:57:00+00:00,4375.9,4376.5,4373.8,4376.5,725,3.9481561610030305,4361.319156824321,4362.306195864572,4360.33211778407,4369.8309106468905,ranging
2025-12-30 03:00:00+00:00,4376.3,4378.8,4375.2,4377.8,729,3.901735339536008,4361.521794603639,4362.497228438523,4360.546360768755,4370.5898715376625,ranging
2025-12-30 03:03:00+00:00,4377.8,4379.0,4374.8,4376.9,788,3.9415039609311826,4361.73015130674,4362.715527296972,4360.744775316507,4371.190836153123,ranging
2025-12-30 03:06:00+00:00,4377.0,4377.6,4372.8,4373.2,636,4.055970099473716,4361.868644125451,4362.88263665032,4360.854651600583,4371.382185090921,ranging
2025-12-30 03:09:00+00:00,4373.7,4374.6,4370.5,4374.1,767,4.061840752877269,4362.012842424548,4363.028302612767,4360.997382236328,4371.641024606071,ranging
2025-12-30 03:12:00+00:00,4374.3,4375.2,4373.0,4374.9,422,3.813595319160276,4362.099752715957,4363.053151545747,4361.146353886167,4371.951403215016,ranging
2025-12-30 03:15:00+00:00,4375.1,4376.5,4372.9,4376.1,616,3.7851159432722876,4362.232575920089,4363.178854905907,4361.286296934271,4372.346507670729,ranging
2025-12-30 03:18:00+00:00,4376.1,4380.0,4375.5,4378.4,1111,3.8804338175026496,4362.515836466166,4363.485944920541,4361.54572801179,4372.923030749707,trending_up
2025-12-30 03:21:00+00:00,4378.3,4379.9,4377.2,4378.0,574,3.7230426418356055,4362.661910648728,4363.592671309187,4361.731149988269,4373.406551630687,trending_up
2025-12-30 03:24:00+00:00,4378.1,4381.7,4377.3,4381.7,839,3.813303622924143,4362.8954539934,4363.848779899131,4361.9421280876695,4374.1964038563365,trending_up
2025-12-30 03:27:00+00:00,4381.8,4382.8,4380.8,4381.9,781,3.571529806534257,4363.126895231538,4364.019777683171,4362.234012779904,4374.930079679542,trending_up
2025-12-30 03:30:00+00:00,4382.0,4383.0,4380.5,4380.7,620,3.428659165663023,4363.302472904979,4364.159637696395,4362.445308113563,4375.479595900539,trending_up
2025-12-30 03:33:00+00:00,4380.7,4381.7,4378.6,4378.9,592,3.3848379435745475,4363.451848951135,4364.298058437028,4362.605639465241,4375.805348671916,trending_up
2025-12-30 03:36:00+00:00,4379.2,4380.1,4377.6,4379.2,605,3.2668595510979412,4363.594667518727,4364.411382406502,4362.777952630952,4376.1286487984,trending_up
2025-12-30 03:39:00+00:00,4379.0,4379.8,4377.5,4377.5,320,3.137944944284907,4363.665758167659,4364.450244403731,4362.881271931587,4376.2592536747425,trending_up
2025-12-30 03:42:00+00:00,4377.5,4378.2,4375.4,4377.5,463,3.0928856183802766,4363.7588202568195,4364.532041661415,4362.985598852224,4376.377419991433,trending_up
2025-12-30 03:45:00+00:00,4377.6,4378.6,4377.1,4377.4,308,2.8805008692629066,4363.823086478881,4364.5432116961965,4363.102961261566,4376.4748085636775,trending_up
2025-12-30 03:48:00+00:00,4377.9,4379.3,4376.4,4376.8,406,2.8831007533612585,4363.905693246057,4364.626468434398,4363.1849180577165,4376.50577917666,trending_up
2025-12-30 03:51:00+00:00,4376.6,4376.9,4373.4,4373.8,690,2.9653539862464244,4364.015368870564,4364.756707367125,4363.274030374003,4376.24808592174,trending_up
2025-12-30 03:54:00+00:00,4374.0,4374.6,4371.9,4373.6,735,2.929973454746998,4364.1154956661085,4364.847989029795,4363.383002302422,4375.9958872625275,trending_up
2025-12-30 03:57:00+00:00,4373.6,4374.1,4370.7,4373.7,777,2.9926436607808045,4364.213069344012,4364.961230259208,4363.464908428817,4375.777231332763,trending_up
2025-12-30 04:00:00+00:00,4373.8,4377.0,4373.3,4376.3,612,3.0869578393433397,4364.31199274638,4365.083732206216,4363.540253286545,4375.827018824881,trending_up
2025-12-30 04:03:00+00:00,4376.4,4376.7,4374.2,4374.6,320,3.008696794097561,4364.3613644332,4365.113538631725,4363.609190234675,4375.710159889178,trending_up
2025-12-30 04:06:00+00:00,4374.4,4374.4,4371.7,4372.7,454,2.9942038882179594,4364.416325368132,4365.164876340186,4363.667774396077,4375.42347799497,trending_up
2025-12-30 04:09:00+00:00,4372.6,4374.6,4372.6,4373.8,268,2.861643369788898,4364.451204813627,4365.166615656074,4363.735793971179,4375.268861043068,trending_up
2025-12-30 04:12:00+00:00,4373.7,4375.8,4373.7,4375.4,240,2.7600909204837603,4364.486592536504,4365.176615266625,4363.796569806383,4375.281350467538,trending_up
2025-12-30 04:15:00+00:00,4375.7,4376.9,4374.5,4375.2,288,2.7120787977525436,4364.531023872037,4365.2090435714745,4363.853004172599,4375.273602803963,ranging
2025-12-30 04:18:00+00:00,4375.2,4376.8,4375.0,4376.4,200,2.590468291385562,4364.563154791747,4365.210771864594,4363.915537718901,4375.380878727395,ranging
2025-12-30 04:21:00+00:00,4376.5,4377.3,4375.5,4376.8,236,2.4850725192008447,4364.602368591523,4365.223636721324,4363.981100461723,4375.5160331343095,ranging
2025-12-30 04:24:00+00:00,4377.0,4380.0,4376.5,4378.2,516,2.620396183307399,4364.6993085800395,4365.354407625867,4364.044209534212,4375.77164902628,ranging
2025-12-30 04:27:00+00:00,4378.2,4380.0,4376.6,4377.3,486,2.724343358866364,4364.787585681297,4365.468671521014,4364.10649984158,4375.917206261873,ranging
2025-12-30 04:30:00+00:00,4377.3,4377.7,4376.1,4376.6,275,2.574430911017443,4364.832642270324,4365.476249998078,4364.18903454257,4375.9822342369325,ranging
2025-12-30 04:33:00+00:00,4376.4,4380.0,4376.4,4378.5,267,2.7111734562151657,4364.881508661303,4365.559302025357,4364.203715297249,4376.222021452462,ranging
2025-12-30 04:36:00+00:00,4378.7,4380.8,4378.1,4380.8,321,2.7096836620531195,4364.94674018447,4365.624161099984,4364.269319268957,4376.658019409371,trending_up
2025-12-30 04:39:00+00:00,4380.7,4384.0,4380.7,4381.6,940,2.7883925071127282,4365.162172935177,4365.859271061955,4364.4650748084,4377.128684227527,trending_up
2025-12-30 04:42:00+00:00,4381.7,4382.7,4381.1,4381.4,284,2.6299401728309584,4365.224814652132,4365.88229969534,4364.567329608924,4377.535476205858,trending_up
2025-12-30 04:45:00+00:00,4381.6,4381.7,4380.4,4380.6,200,2.4526148164535218,4365.266432582405,4365.879586286519,4364.6532788782915,4377.827335614824,trending_up
2025-12-30 04:48:00+00:00,4381.0,4381.0,4379.1,4379.3,272,2.3789328409263373,4365.318721974577,4365.913455184808,4364.723988764345,4377.967589365793,ranging
2025-12-30 04:51:00+00:00,4379.2,4379.2,4376.7,4377.5,414,2.4084084621362076,4365.386698677892,4365.988800793426,4364.784596562358,4377.923057045241,ranging
2025-12-30 04:54:00+00:00,4377.3,4378.6,4377.1,4378.6,190,2.2872873338513804,4365.41839643068,4365.990218264144,4364.846574597217,4377.987527802838,ranging
2025-12-30 04:57:00+00:00,4378.3,4379.2,4377.0,4378.2,256,2.275649022671172,4365.4609674648955,4366.029879720563,4364.892055209228,4378.007763250186,ranging
2025-12-30 05:00:00+00:00,4378.2,4379.4,4375.6,4376.8,539,2.478895819648252,4365.543607359307,4366.163331314219,4364.923883404395,4377.89273817874,trending_up
2025-12-30 05:03:00+00:00,4377.1,4378.2,4376.6,4377.3,214,2.3617097103617457,4365.576375182393,4366.166802609984,4364.9859477548025,4377.836286923622,trending_up
2025-12-30 05:06:00+00:00,4377.4,4378.3,4373.3,4374.3,728,2.7134817489801795,4365.66719654786,4366.345566985105,4364.988826110615,4377.499497692801,ranging
2025-12-30 05:09:00+00:00,4374.4,4376.8,4374.1,4376.8,321,2.711684182449465,4365.70916695416,4366.387087999772,4365.031245908547,4377.432878864915,ranging
2025-12-30 05:12:00+00:00,4376.8,4379.4,4376.4,4378.6,488,2.750126291456203,4365.786156366269,4366.473687939133,4365.098624793405,4377.544033258733,trending_up
2025-12-30 05:15:00+00:00,4378.5,4380.8,4378.1,4378.5,329,2.743442785928685,4365.841685213287,4366.527545909769,4365.155824516804,4377.6350777102825,ranging
2025-12-30 05:18:00+00:00,4378.6,4380.6,4376.8,4380.5,293,2.884317081138218,4365.891365661707,4366.612444931991,4365.170286391422,4377.907927452161,trending_up
2025-12-30 05:21:00+00:00,4380.5,4386.7,4380.5,4386.5,915,3.3264081369864313,4366.104198219742,4366.935800253988,4365.272596185496,4378.726220075765,trending_up
2025-12-30 05:24:00+00:00,4386.8,4390.8,4385.9,4387.4,1457,3.5362203853883134,4366.495056986156,4367.379112082503,4365.611001889809,4379.552294354264,trending_up
2025-12-30 05:27:00+00:00,4387.7,4388.8,4385.3,4386.7,746,3.531391000669872,4366.679888715133,4367.5627364653,4365.797040964965,4380.233028225286,trending_up
2025-12-30 05:30:00+00:00,4386.6,4390.4,4386.3,4389.4,838,3.6072055339138163,4366.901334469392,4367.803135852871,4365.999533085914,4381.106073156211,trending_up
2025-12-30 05:33:00+00:00,4389.6,4392.6,4387.9,4390.7,1103,3.7529114627254048,4367.208315567557,4368.146543433239,4366.270087701876,4382.019780474668,trending_up
2025-12-30 05:36:00+00:00,4390.6,4394.5,4390.3,4394.0,888,3.8125232676953265,4367.476058368496,4368.429189185419,4366.522927551572,4383.160753762794,trending_up
2025-12-30 05:39:00+00:00,4393.9,4394.0,4390.5,4391.2,785,3.770853498669283,4367.698725974102,4368.641439348769,4366.756012599434,4383.926396261576,trending_up
2025-12-30 05:42:00+00:00,4391.4,4391.8,4387.1,4388.9,814,3.894739698846688,4367.900710623301,4368.874395548013,4366.927025698589,4384.400072808093,trending_up
2025-12-30 05:45:00+00:00,4389.0,4390.9,4386.6,4388.9,607,3.9487744056670326,4368.045648911942,4369.032842513359,4367.0584553105255,4384.82863730256,trending_up
2025-12-30 05:48:00+00:00,4389.2,4393.5,4389.2,4393.4,621,4.035604484911477,4368.214643341993,4369.223544463221,4367.205742220765,4385.64495755946,trending_up
2025-12-30 05:51:00+00:00,4393.4,4393.9,4391.2,4391.6,554,3.857523886923256,4368.364656918562,4369.329037890293,4367.400275946831,4386.212104458558,trending_up
2025-12-30 05:54:00+00:00,4391.8,4393.2,4391.4,4393.2,322,3.5831873686668465,4368.452317191437,4369.348114033603,4367.556520349271,4386.877618319648,ranging
2025-12-30 05:57:00+00:00,4393.0,4393.4,4391.3,4392.2,311,3.3854290528445277,4368.5353385422495,4369.38169580546,4367.688981279039,4387.384511813015,ranging
2025-12-30 06:00:00+00:00,4392.2,4392.7,4388.7,4389.6,549,3.4673718457985907,4368.668479393582,4369.535322355032,4367.801636432132,4387.5955106879655,ranging
2025-12-30 06:03:00+00:00,4389.7,4391.6,4386.9,4387.0,543,3.6317222663588757,4368.787565891816,4369.695496458406,4367.8796353252255,4387.538795384349,ranging
2025-12-30 06:06:00+00:00,4387.3,4389.7,4386.6,4387.2,491,3.56082596417762,4368.890423133188,4369.7806296242325,4368.000216642144,4387.506529157268,ranging
2025-12-30 06:09:00+00:00,4387.0,4391.0,4386.7,4390.9,299,3.6593825022872952,4368.958089224113,4369.8729348496845,4368.043243598541,4387.829716856576,trending_up
2025-12-30 06:12:00+00:00,4391.0,4391.0,4386.8,4387.3,401,3.7314648353156317,4369.043038955652,4369.975905164481,4368.110172746823,4387.77926763214,ranging
2025-12-30 06:15:00+00:00,4387.6,4388.4,4385.0,4385.1,638,3.6872695239401656,4369.161459360829,4370.083276741814,4368.239641979844,4387.524099286222,ranging
2025-12-30 06:18:00+00:00,4385.3,4387.3,4382.9,4384.5,859,3.78230025408155,4369.306651344947,4370.252226408467,4368.361076281426,4387.236089830391,ranging
2025-12-30 06:21:00+00:00,4384.5,4385.9,4381.1,4381.9,771,3.9179935535372463,4369.418829774014,4370.398328162398,4368.43933138563,4386.727890798926,ranging
2025-12-30 06:24:00+00:00,4381.7,4382.3,4378.6,4381.6,1037,3.888927746398923,4369.543530477656,4370.515762414256,4368.5712985410555,4386.239520246647,ranging
2025-12-30 06:27:00+00:00,4380.8,4383.4,4380.4,4381.1,572,3.7704040468790665,4369.61594724974,4370.55854826146,4368.673346238021,4385.750042127918,ranging
2025-12-30 06:30:00+00:00,4381.4,4384.6,4380.9,4384.1,596,3.7610168406286215,4369.700202587852,4370.640456798009,4368.759948377695,4385.592895258593,ranging
2025-12-30 06:33:00+00:00,4383.7,4384.0,4380.6,4382.3,371,3.7262145952114722,4369.748662844742,4370.680216493545,4368.817109195939,4385.279286186345,ranging
2025-12-30 06:36:00+00:00,4382.4,4382.5,4375.1,4377.1,1269,4.2160526491832275,4369.858834203076,4370.912847365372,4368.804821040781,4384.50030654955,ranging
2025-12-30 06:39:00+00:00,4377.4,4380.5,4376.8,4377.2,471,4.147245629292106,4369.898680936718,4370.9354923440405,4368.861869529395,4383.805039259117,ranging
2025-12-30 06:42:00+00:00,4377.3,4378.1,4375.0,4376.9,523,4.007612878719874,4369.934534999933,4370.936438219613,4368.932631780253,4383.147416472534,ranging
2025-12-30 06:45:00+00:00,4376.7,4380.0,4375.0,4379.9,644,4.139931161557224,4369.988751241178,4371.023734031567,4368.953768450789,4382.838138713245,ranging
2025-12-30 06:48:00+00:00,4380.0,4381.8,4379.8,4380.8,543,3.8546070066829277,4370.047508616001,4371.011160367672,4369.08385686433,4382.644030264364,ranging
2025-12-30 06:51:00+00:00,4380.5,4380.7,4375.5,4378.2,520,4.047326072458562,4370.089374462733,4371.101205980847,4369.0775429446185,4382.2207892868055,ranging
2025-12-30 06:54:00+00:00,4378.2,4379.1,4376.4,4379.0,379,3.8676825961308507,4370.1197414277685,4371.086662076801,4369.152820778736,4381.914047449967,ranging
2025-12-30 06:57:00+00:00,4379.0,4380.5,4378.4,4379.8,309,3.631991583313453,4370.148609394212,4371.05660729004,4369.240611498384,4381.712709597589,ranging
2025-12-30 07:00:00+00:00,4379.9,4379.9,4375.9,4377.9,409,3.6810593722049925,4370.179835447692,4371.100100290743,4369.259570604641,4381.349594397819,ranging
2025-12-30 07:03:00+00:00,4377.9,4380.0,4376.6,4377.9,361,3.6435847892442785,4370.208133360814,4371.119029558125,4369.297237163503,4381.021061598027,ranging
2025-12-30 07:06:00+00:00,4377.9,4378.2,4374.5,4377.2,694,3.6511068173450174,4370.25160146743,4371.164378171767,4369.338824763094,4380.657150969643,ranging
2025-12-30 07:09:00+00:00,4377.3,4378.9,4374.0,4377.2,600,3.8176259083656334,4370.289098333382,4371.2435048104735,4369.33469185629,4380.327898496344,ranging
2025-12-30 07:12:00+00:00,4377.0,4383.9,4376.7,4383.6,812,4.268609120583525,4370.375853005753,4371.443005285899,4369.308700725607,4380.639527210978,ranging
2025-12-30 07:15:00+00:00,4383.8,4387.0,4383.5,4386.4,819,4.166127904505721,4370.4950725412,4371.536604517327,4369.453540565073,4381.188143667076,ranging
2025-12-30 07:18:00+00:00,4386.5,4387.6,4384.3,4384.5,550,4.050644183904983,4370.573224251168,4371.585885297144,4369.560563205191,4381.503558555925,ranging
2025-12-30 07:21:00+00:00,4384.3,4384.6,4380.8,4382.1,825,4.017224959384343,4370.665885355357,4371.6701915952035,4369.661579115511,4381.56036250298,ranging
2025-12-30 07:24:00+00:00,4382.0,4384.7,4381.1,4384.0,528,3.9615949647996915,4370.728229804061,4371.718628545261,4369.737831062861,4381.792708931267,ranging
2025-12-30 07:27:00+00:00,4383.8,4384.9,4382.3,4383.5,253,3.7800489694929933,4370.758594621545,4371.703606863918,4369.813582379172,4381.95530808067,ranging
2025-12-30 07:30:00+00:00,4383.7,4385.9,4383.4,4384.9,535,3.6093757735605942,4370.828140086507,4371.7304840298975,4369.925796143117,4382.23575493013,ranging
2025-12-30 07:33:00+00:00,4384.7,4386.9,4383.9,4384.7,412,3.5281256704191817,4370.882880979519,4371.764912397123,4370.000849561914,4382.470444936784,ranging
2025-12-30 07:36:00+00:00,4384.8,4389.2,4383.1,4389.0,600,3.8710422476965514,4370.972546851338,4371.940307413262,4370.0047862894135,4383.092307323757,trending_up
2025-12-30 07:39:00+00:00,4389.1,4389.4,4388.2,4388.7,345,3.514903281336987,4371.0289390849575,4371.907664905292,4370.150213264623,4383.626373292924,trending_up
2025-12-30 07:42:00+00:00,4388.6,4392.3,4387.9,4392.2,699,3.6329161771587946,4371.1550786015705,4372.06330764586,4370.246849557281,4384.442909169788,trending_up
2025-12-30 07:45:00+00:00,4392.0,4393.1,4391.1,4393.0,555,3.4151940202042885,4371.262155968857,4372.115954473908,4370.408357463806,4385.257870201237,trending_up
2025-12-30 07:48:00+00:00,4393.0,4398.5,4392.1,4394.9,1511,3.8131681508436683,4371.585731050732,4372.539023088442,4370.632439013021,4386.176168277309,trending_up
2025-12-30 07:51:00+00:00,4395.0,4395.2,4388.9,4389.1,1090,4.144745730731204,4371.774116297157,4372.810302729839,4370.737929864475,4386.4546284413755,ranging
2025-12-30 07:54:00+00:00,4389.1,4391.0,4386.8,4387.6,981,4.152112966633686,4371.918141626648,4372.9561698683065,4370.88011338499,4386.563711446958,ranging
2025-12-30 07:57:00+00:00,4387.9,4389.1,4385.9,4388.2,491,4.025164571082625,4371.986145192035,4372.9924363348055,4370.979854049265,4386.71954845201,ranging
2025-12-30 08:00:00+00:00,4388.4,4388.8,4381.1,4383.5,910,4.515142628271584,4372.084819155683,4373.213604812751,4370.956033498615,4386.412924789914,ranging
2025-12-30 08:03:00+00:00,4383.5,4384.7,4378.7,4383.0,915,4.713123611168706,4372.164071577568,4373.34235248036,4370.985790674777,4386.087884333731,ranging
2025-12-30 08:06:00+00:00,4383.0,4386.7,4382.5,4386.6,596,4.644707129679521,4372.231039647829,4373.3922164302485,4371.069862865409,4386.136657254328,ranging
2025-12-30 08:09:00+00:00,4386.7,4390.0,4386.6,4387.8,651,4.478746179055537,4372.319324697328,4373.4390112420915,4371.199638152564,4386.295070849154,ranging
2025-12-30 08:12:00+00:00,4387.8,4389.0,4386.2,4386.6,361,4.25491335518149,4372.365200387683,4373.428928726478,4371.301472048888,4386.3241117206635,ranging
2025-12-30 08:15:00+00:00,4386.7,4388.0,4385.1,4386.5,462,4.074258241157243,4372.420632769893,4373.439197330183,4371.402068209603,4386.340862985362,ranging
2025-12-30 08:18:00+00:00,4386.8,4386.8,4381.2,4381.3,532,4.277690475669659,4372.46853038376,4373.537953002677,4371.3991077648425,4385.86078079628,ranging
2025-12-30 08:21:00+00:00,4381.5,4382.3,4376.3,4378.1,939,4.507331745580371,4372.519043954665,4373.64587689106,4371.39221101827,4385.121658815681,trending_down
2025-12-30 08:24:00+00:00,4378.2,4379.3,4376.5,4377.3,451,4.279687512836347,4372.53851474093,4373.608436619139,4371.4685928627205,4384.376738928474,trending_down
2025-12-30 08:27:00+00:00,4377.6,4377.9,4368.1,4370.0,1731,5.015729177791403,4372.530857504292,4373.784789798739,4371.276925209844,4383.00752569719,trending_down
2025-12-30 08:30:00+00:00,4370.1,4374.8,4366.0,4374.4,1439,5.520298620752574,4372.521540451603,4373.901615106791,4371.141465796415,4382.187761345077,trending_down
2025-12-30 08:33:00+00:00,4374.2,4375.0,4371.5,4372.1,539,5.250925471318898,4372.523044093279,4373.835775461109,4371.2103127254495,4381.227022169355,ranging
2025-12-30 08:36:00+00:00,4372.1,4374.5,4370.0,4374.0,647,5.150802075143045,4372.524658389755,4373.812358908541,4371.2369578709695,4380.538734343702,ranging
2025-12-30 08:39:00+00:00,4373.7,4376.4,4373.4,4376.2,583,4.864028465123973,4372.537763816079,4373.75377093236,4371.321756699798,4380.125521549064,ranging
2025-12-30 08:42:00+00:00,4376.2,4376.6,4371.8,4374.7,577,4.855491336440801,4372.546170923557,4373.7600437576675,4371.332298089446,4379.608805211058,ranging
2025-12-30 08:45:00+00:00,4374.7,4374.8,4371.2,4372.4,465,4.6880924915820765,4372.547107770379,4373.719130893274,4371.375084647483,4378.922252333815,ranging
2025-12-30 08:48:00+00:00,4372.7,4375.8,4369.2,4375.4,834,4.943013492704515,4372.553154971705,4373.788908344882,4371.317401598529,4378.586799730594,ranging
2025-12-30 08:51:00+00:00,4375.6,4378.8,4375.3,4377.7,717,4.7506116936772464,4372.579653645711,4373.767306569131,4371.392000722291,4378.502342613395,ranging
2025-12-30 08:54:00+00:00,4377.7,4380.6,4376.5,4380.3,520,4.663863467853662,4372.606265910759,4373.7722317777225,4371.440300043796,4378.673548078786,ranging
2025-12-30 08:57:00+00:00,4380.4,4382.2,4380.1,4380.7,337,4.322015005473101,4372.628297052066,4373.708800803434,4371.547793300698,4378.866543499854,ranging
2025-12-30 09:00:00+00:00,4380.9,4382.6,4379.7,4380.3,485,4.132413004743427,4372.659299606869,4373.692402858055,4371.6261963556835,4379.003063166534,ranging
2025-12-30 09:03:00+00:00,4380.4,4383.2,4379.9,4382.4,315,4.021424604110994,4372.681667505192,4373.68702365622,4371.676311354165,4379.326580960197,ranging
2025-12-30 09:06:00+00:00,4382.7,4385.7,4381.7,4385.7,517,4.018567990229529,4372.728241026274,4373.732883023831,4371.723599028717,4379.933573249702,ranging
2025-12-30 09:09:00+00:00,4385.5,4389.4,4385.2,4387.2,750,4.042758924865567,4372.811819533657,4373.822509264874,4371.801129802441,4380.625613892587,ranging
2025-12-30 09:12:00+00:00,4387.1,4389.7,4387.1,4389.4,436,3.8503910682167524,4372.864851512883,4373.827449279937,4371.9022537458295,4381.461269712341,ranging
2025-12-30 09:15:00+00:00,4389.4,4392.5,4387.2,4392.4,789,4.04367225912121,4372.971710444716,4373.982628509497,4371.960792379936,4382.5030535492615,ranging
2025-12-30 09:18:00+00:00,4392.5,4392.8,4389.7,4391.0,627,3.9178492912384306,4373.057931385441,4374.037393708251,4372.0784690626315,4383.312286544569,ranging
2025-12-30 09:21:00+00:00,4391.2,4391.5,4385.5,4387.8,806,4.195469385739973,4373.1500155248405,4374.198882871276,4372.101148178405,4383.739687826039,ranging
2025-12-30 09:24:00+00:00,4388.0,4388.1,4383.7,4386.7,604,4.22274013430805,4373.208808690537,4374.264493724114,4372.15312365696,4384.021622318797,ranging
2025-12-30 09:27:00+00:00,4386.8,4387.1,4384.0,4384.8,409,4.073041449733692,4373.245677300391,4374.263937662825,4372.227416937958,4384.095753526531,ranging
2025-12-30 09:30:00+00:00,4384.4,4386.3,4384.0,4385.2,376,3.8366359231025577,4373.279000661666,4374.238159642442,4372.31984168089,4384.200919857337,ranging
2025-12-30 09:33:00+00:00,4385.5,4385.9,4383.6,4383.9,202,3.6317511333554533,4373.2957766378895,4374.203714421228,4372.387838854551,4384.172260823305,ranging
2025-12-30 09:36:00+00:00,4383.8,4387.5,4383.2,4385.7,484,3.7208509822414175,4373.339348595239,4374.2695613408,4372.409135849679,4384.317759792514,ranging
2025-12-30 09:39:00+00:00,4385.5,4385.7,4382.8,4384.9,329,3.6114041846091802,4373.366361431677,4374.26921247783,4372.463510385525,4384.373211240846,ranging
2025-12-30 09:42:00+00:00,4385.1,4386.2,4383.7,4383.8,220,3.463216959994623,4373.384513741553,4374.250317981551,4372.518709501554,4384.318619694099,ranging
2025-12-30 09:45:00+00:00,4384.0,4385.5,4383.2,4384.3,208,3.308121365328698,4373.401264907222,4374.228295248554,4372.57423456589,4384.316846389899,ranging
2025-12-30 09:48:00+00:00,4384.6,4386.3,4383.3,4386.0,239,3.267038516618205,4373.421970370045,4374.238729999199,4372.6052107408905,4384.477146733718,ranging
2025-12-30 09:51:00+00:00,4386.2,4388.3,4384.8,4387.5,406,3.298100047735778,4373.461931325969,4374.2864563379035,4372.637406314035,4384.765037520982,ranging
2025-12-30 09:54:00+00:00,4387.7,4389.5,4387.4,4388.8,280,3.1383533747043897,4373.492830059105,4374.27741840278,4372.708241715429,4385.149319661841,ranging
2025-12-30 09:57:00+00:00,4388.8,4389.5,4387.6,4387.6,245,2.973239591410423,4373.51916735948,4374.262477257333,4372.775857461627,4385.3827177892845,ranging
2025-12-30 10:00:00+00:00,4387.5,4389.4,4385.7,4387.0,399,3.070140979222342,4373.559344148652,4374.326879393458,4372.791808903846,4385.536744666495,ranging
2025-12-30 10:03:00+00:00,4387.0,4387.0,4383.4,4386.2,400,3.1407888486594118,4373.594071243683,4374.379268455848,4372.808874031518,4385.599911841115,ranging
2025-12-30 10:06:00+00:00,4386.3,4388.0,4386.1,4387.0,281,2.9753503355047752,4373.621396699517,4374.365234283394,4372.877559115641,4385.733253570532,ranging
2025-12-30 10:09:00+00:00,4387.0,4388.3,4386.7,4387.8,184,2.7919702907708537,4373.6399828499025,4374.337975422595,4372.94199027721,4385.930086563814,ranging
2025-12-30 10:12:00+00:00,4387.7,4391.3,4386.1,4390.9,665,3.113040918668049,4373.7155132529315,4374.493773482599,4372.937253023264,4386.403411652975,ranging
2025-12-30 10:15:00+00:00,4391.4,4392.2,4389.7,4390.8,518,3.0313021295123095,4373.779292201945,4374.537117734323,4373.021466669567,4386.822134352691,ranging
2025-12-30 10:18:00+00:00,4391.0,4394.5,4391.0,4394.4,652,3.120461845577311,4373.870059643943,4374.650175105337,4373.089944182549,4387.543835842911,ranging
2025-12-30 10:21:00+00:00,4394.1,4395.0,4391.6,4392.5,496,3.1577335995002875,4373.937606448877,4374.727039848752,4373.148173049002,4388.015851476919,ranging
2025-12-30 10:24:00+00:00,4392.5,4397.1,4392.1,4396.4,563,3.403369119566916,4374.02233696678,4374.8731792466715,4373.171494686889,4388.814341812451,ranging
2025-12-30 10:27:00+00:00,4396.3,4398.3,4395.8,4397.4,584,3.2829199036246606,4374.117613347996,4374.938343323902,4373.29688337209,4389.632023544598,ranging
2025-12-30 10:30:00+00:00,4397.6,4406.9,4397.1,4406.1,2427,4.151863916474609,4374.609587569565,4375.647553548683,4373.571621590446,4391.200402254637,trending_up
2025-12-30 10:33:00+00:00,4406.1,4406.1,4402.9,4405.0,747,4.024948727611425,4374.7643927798235,4375.770629961727,4373.75815559792,4392.514649658957,trending_up
2025-12-30 10:36:00+00:00,4405.0,4407.5,4404.2,4405.0,751,3.928288897263259,4374.923063925719,4375.905136150035,4373.940991701404,4393.703730643818,ranging
2025-12-30 10:39:00+00:00,4405.1,4405.1,4398.4,4398.6,953,4.297850377628254,4375.090469440696,4376.164932035103,4374.016006846289,4394.170042011074,ranging
2025-12-30 10:42:00+00:00,4398.7,4399.8,4398.2,4398.7,494,3.9381369939445356,4375.170354170628,4376.154888419114,4374.185819922142,4394.601466581447,ranging
2025-12-30 10:45:00+00:00,4398.6,4399.1,4396.3,4397.1,616,3.7863853947519552,4375.263386810234,4376.209983158922,4374.316790461546,4394.839422145119,ranging
2025-12-30 10:48:00+00:00,4396.9,4398.0,4394.4,4396.7,596,3.7615340087850764,4375.348113817633,4376.28849731983,4374.407730315436,4395.01662003606,ranging
2025-12-30 10:51:00+00:00,4396.6,4399.8,4396.6,4399.5,421,3.6866628076137085,4375.413964178798,4376.335629880701,4374.492298476895,4395.443608604054,trending_up
2025-12-30 10:54:00+00:00,4399.3,4399.6,4397.4,4399.3,323,3.4884410999319777,4375.464522673245,4376.336632948228,4374.592412398261,4395.810883975097,trending_up
2025-12-30 10:57:00+00:00,4399.2,4401.5,4399.1,4400.5,536,3.343315619940999,4375.553667984612,4376.3894968895975,4374.717839079626,4396.257466453659,trending_up
2025-12-30 11:00:00+00:00,4400.7,4403.2,4400.6,4401.4,579,3.257540203948842,4375.654515092445,4376.468900143432,4374.840130041458,4396.7472315533105,trending_up
2025-12-30 11:03:00+00:00,4401.5,4402.5,4400.9,4401.3,356,3.0365348434223782,4375.715742639755,4376.47487635061,4374.9566089289,4397.180828548233,trending_up
2025-12-30 11:06:00+00:00,4401.5,4402.8,4400.4,4402.8,389,2.951663530966134,4375.7834317541865,4376.521347636928,4375.045515871445,4397.7159877341155,trending_up
2025-12-30 11:09:00+00:00,4402.6,4406.0,4402.0,4402.0,831,3.091441726837316,4375.9341659918055,4376.707026423514,4375.1613055600965,4398.1239889022945,trending_up
2025-12-30 11:12:00+00:00,4402.1,4403.6,4401.4,4402.7,406,2.9725828299257713,4376.005167805948,4376.74831351343,4375.262022098466,4398.559799483029,trending_up
2025-12-30 11:15:00+00:00,4402.8,4405.3,4401.7,4404.8,408,3.0562384526023836,4376.079790696608,4376.843850309759,4375.315731083458,4399.154104294169,trending_up
2025-12-30 11:18:00+00:00,4405.0,4405.2,4401.9,4402.2,308,3.0887399922554235,4376.1341825430545,4376.906367541118,4375.361997544991,4399.444189599486,trending_up
2025-12-30 11:21:00+00:00,4402.3,4403.9,4401.8,4402.5,201,2.9569079932879614,4376.169079539965,4376.908306538287,4375.429852541643,4399.73521916144,trending_up
2025-12-30 11:24:00+00:00,4402.4,4404.0,4401.2,4404.0,382,2.9359869275162573,4376.235978505265,4376.969975237144,4375.5019817733855,4400.141388765112,trending_up
2025-12-30 11:27:00+00:00,4404.0,4405.3,4403.8,4404.6,291,2.744522003847423,4376.289554563434,4376.975685064395,4375.603424062472,4400.56601840653,trending_up
2025-12-30 11:30:00+00:00,4404.4,4404.9,4402.5,4403.6,311,2.6985857366677184,4376.344773980155,4377.019420414322,4375.670127545988,4400.85496903448,trending_up
2025-12-30 11:33:00+00:00,4403.8,4404.6,4402.3,4404.5,140,2.6454409717787137,4376.369679906694,4377.031040149638,4375.7083196637495,4401.20211484072,trending_up
2025-12-30 11:36:00+00:00,4404.2,4404.3,4401.3,4401.8,231,2.7193821755415275,4376.408683303032,4377.088528846918,4375.728837759147,4401.259056284462,trending_up
2025-12-30 11:39:00+00:00,4401.6,4402.2,4400.8,4401.6,334,2.543464552135942,4376.462859571538,4377.098725709571,4375.826993433504,4401.291527114513,trending_up
2025-12-30 11:42:00+00:00,4401.7,4402.1,4399.2,4400.4,396,2.5910026118512226,4376.524325513606,4377.172076166568,4375.876574860643,4401.206619770273,ranging
2025-12-30 11:45:00+00:00,4400.0,4400.9,4399.0,4399.3,255,2.498868930271011,4376.562374045834,4377.187091278402,4375.937656813267,4401.02503693501,ranging
2025-12-30 11:48:00+00:00,4399.0,4400.1,4398.0,4399.1,478,2.445686406234925,4376.631318899656,4377.242740501215,4376.019897298098,4400.841700084056,ranging
2025-12-30 11:51:00+00:00,4399.0,4399.0,4396.6,4398.7,511,2.4529282187369352,4376.70140224231,4377.314634296994,4376.088170187626,4400.63772864748,ranging
2025-12-30 11:54:00+00:00,4398.5,4399.7,4398.3,4398.6,323,2.312537789571962,4376.747044673102,4377.325179120495,4376.16891022571,4400.443659252482,ranging
2025-12-30 11:57:00+00:00,4398.8,4400.3,4398.6,4399.7,274,2.2308660842956765,4376.786778419842,4377.344494940917,4376.229061898768,4400.372834561769,trending_up
2025-12-30 12:00:00+00:00,4399.6,4401.6,4398.7,4401.2,387,2.320083939722992,4376.845038164709,4377.425059149639,4376.265017179779,4400.451612222553,trending_up
2025-12-30 12:03:00+00:00,4401.2,4402.5,4400.7,4401.8,340,2.2507394144266173,4376.898499504832,4377.461184358439,4376.3358146512255,4400.580030106119,trending_up
2025-12-30 12:06:00+00:00,4401.7,4405.9,4401.0,4405.6,605,2.6039741591696863,4377.0026066908995,4377.653600230692,4376.351613151107,4401.058122476965,trending_up
2025-12-30 12:09:00+00:00,4405.8,4408.2,4403.2,4407.1,1016,2.923444271280395,4377.188402307499,4377.919263375319,4376.457541239679,4401.633539383921,trending_up
2025-12-30 12:12:00+00:00,4407.1,4412.8,4406.2,4411.7,1648,3.4136517017763905,4377.526382337852,4378.379795263296,4376.672969412408,4402.5922499187855,trending_up
2025-12-30 12:15:00+00:00,4411.7,4413.9,4410.5,4412.7,983,3.411831474872823,4377.737644988105,4378.590602856823,4376.884687119386,4403.5548927836635,trending_up
2025-12-30 12:18:00+00:00,4412.7,4415.2,4412.2,4413.5,935,3.3569206115564465,4377.943491611774,4378.782721764664,4377.104261458885,4404.502045851886,trending_up
2025-12-30 12:21:00+00:00,4413.7,4414.7,4412.7,4414.2,744,3.1759978633489205,4378.106669108818,4378.900668574655,4377.312669642981,4405.425660532658,trending_up
2025-12-30 12:24:00+00:00,4413.9,4414.5,4408.9,4409.2,1092,3.49919814823578,4378.323635893144,4379.198435430202,4377.448836356085,4405.78512143431,trending_up
2025-12-30 12:27:00+00:00,4409.5,4411.2,4407.5,4409.8,745,3.525971728470985,4378.463869014915,4379.345361947033,4377.582376082797,4406.167490821518,trending_up
2025-12-30 12:30:00+00:00,4409.7,4411.9,4408.8,4409.1,596,3.4691754980081146,4378.576704186545,4379.443998061047,4377.709410312043,4406.446777409945,trending_up
2025-12-30 12:33:00+00:00,4409.2,4412.2,4409.0,4410.5,485,3.4332854316070085,4378.66977189657,4379.528093254471,4377.811450538668,4406.832798608998,trending_up
2025-12-30 12:36:00+00:00,4410.6,4414.0,4409.8,4413.7,481,3.5355140407260497,4378.767100905761,4379.650979415943,4377.88322239558,4407.486817789094,trending_up
2025-12-30 12:39:00+00:00,4413.6,4418.8,4413.6,4418.0,1399,3.757445501962552,4379.082710710924,4380.022072086415,4378.143349335433,4408.488073237751,trending_up
2025-12-30 12:42:00+00:00,4417.8,4418.0,4414.4,4415.7,949,3.736452768367594,4379.28954544829,4380.2236586403815,4378.355432256198,4409.174923405585,trending_up
2025-12-30 12:45:00+00:00,4415.8,4418.2,4414.1,4414.1,783,3.7849257325851755,4379.455859949899,4380.4020913830445,4378.509628516753,4409.643978319339,trending_up
2025-12-30 12:48:00+00:00,4414.5,4418.0,4413.2,4414.6,739,3.9202689682405096,4379.610567893728,4380.590635135788,4378.630500651669,4410.115980384164,trending_up
2025-12-30 12:51:00+00:00,4414.2,4415.0,4411.7,4414.3,641,3.8375664391417996,4379.737708017861,4380.697099627647,4378.778316408076,4410.514458442815,trending_up
2025-12-30 12:54:00+00:00,4414.5,4416.4,4413.9,4415.6,506,3.6592242472562266,4379.84220216872,4380.757008230535,4378.927396106906,4410.998795733976,trending_up
2025-12-30 12:57:00+00:00,4415.4,4418.0,4413.9,4417.0,571,3.717994347622112,4379.9626892854185,4380.892187872324,4379.033190698513,4411.570338997407,trending_up
2025-12-30 13:00:00+00:00,4417.5,4419.9,4415.6,4416.8,1627,3.7955951012724003,4380.312249719043,4381.261148494362,4379.363350943725,4412.068401950035,ranging
2025-12-30 13:03:00+00:00,4417.2,4420.5,4415.4,4417.0,1383,3.969515754436129,4380.605872447905,4381.598251386515,4379.613493509296,4412.538077954794,ranging
2025-12-30 13:06:00+00:00,4417.3,4418.7,4414.5,4416.6,1110,4.000246987177954,4380.831729763648,4381.831791510443,4379.831668016853,4412.924927673385,ranging
2025-12-30 13:09:00+00:00,4416.4,4417.6,4414.6,4415.5,737,3.866880722220894,4380.977227332605,4381.94394751316,4380.01050715205,4413.170172656873,trending_up
2025-12-30 13:12:00+00:00,4415.3,4418.0,4412.8,4415.5,1255,4.044629959258084,4381.21895495717,4382.230112446985,4380.207797467356,4413.392060975266,trending_up
2025-12-30 13:15:00+00:00,4415.5,4415.5,4412.2,4412.7,963,3.945345964690364,4381.391622185649,4382.377958676821,4380.405285694476,4413.326150406193,trending_up
2025-12-30 13:18:00+00:00,4412.9,4414.2,4405.5,4411.0,2076,4.579299836064958,4381.720738057547,4382.865563016564,4380.575913098531,4413.104612272269,trending_up
2025-12-30 13:21:00+00:00,4410.9,4411.3,4407.8,4410.5,1138,4.435393191256297,4381.895702642763,4383.004550940577,4380.7868543449495,4412.856553960624,ranging
2025-12-30 13:24:00+00:00,4410.7,4413.7,4409.9,4413.4,1028,4.350674099088816,4382.065669531145,4383.153338055918,4380.978001006373,4412.9083107262795,trending_up
2025-12-30 13:27:00+00:00,4413.5,4413.7,4408.3,4409.7,1011,4.490584219210259,4382.2213352781755,4383.343981332978,4381.098689223373,4412.602757323777,ranging
2025-12-30 13:30:00+00:00,4409.7,4409.9,4395.2,4396.4,3738,5.851839656648867,4382.583147199878,4384.046107114041,4381.1201872857155,4411.059637578655,ranging
2025-12-30 13:33:00+00:00,4396.6,4400.6,4391.9,4397.6,2775,6.231594369095782,4382.787586587203,4384.345485179477,4381.229687994929,4409.777767333069,ranging
2025-12-30 13:36:00+00:00,4397.5,4403.7,4397.3,4399.2,1649,6.254048453216296,4382.9350158071475,4384.498527920451,4381.371503693844,4408.770360920396,ranging
2025-12-30 13:39:00+00:00,4399.1,4400.5,4393.1,4393.8,1578,6.406841992787408,4383.039206035567,4384.640916533764,4381.4374955373705,4407.344612261311,ranging
2025-12-30 13:42:00+00:00,4394.1,4395.7,4391.0,4394.6,1575,6.179263060415729,4383.125224518888,4384.6700402839915,4381.5804087537845,4406.1308396649965,ranging
2025-12-30 13:45:00+00:00,4394.6,4398.5,4391.4,4395.9,1449,6.30202798569368,4383.214136625747,4384.789643622171,4381.638629629324,4405.156473982615,ranging
2025-12-30 13:48:00+00:00,4396.0,4398.3,4393.9,4398.0,829,6.048424254267929,4383.270540887846,4384.782646951413,4381.75843482428,4404.474905031891,ranging
2025-12-30 13:51:00+00:00,4398.1,4403.0,4397.7,4402.6,1361,5.948634353698896,4383.391834575466,4384.878993163891,4381.904675987042,4404.296342647901,ranging
2025-12-30 13:54:00+00:00,4402.5,4404.5,4401.8,4402.8,936,5.515483106539019,4383.483301740508,4384.862172517142,4382.104430963874,4404.153833824292,ranging
2025-12-30 13:57:00+00:00,4402.7,4404.9,4399.5,4403.7,1270,5.500085359000435,4383.603961304889,4384.978982644639,4382.228939965139,4404.110611555311,ranging
2025-12-30 14:00:00+00:00,4403.8,4406.0,4402.0,4402.4,1215,5.300073977800377,4383.72256356071,4385.04758205516,4382.39754506626,4403.947696169091,ranging
2025-12-30 14:03:00+00:00,4402.5,4403.8,4398.0,4403.7,1418,5.366730780760351,4383.84789944265,4385.189582137839,4382.50621674746,4403.924106057749,ranging
2025-12-30 14:06:00+00:00,4403.6,4405.3,4401.0,4404.9,683,5.224500009992329,4383.9139646497815,4385.22008965228,4382.607839647283,4404.017048337963,ranging
2025-12-30 14:09:00+00:00,4405.0,4405.2,4400.6,4400.9,783,5.141233341993279,4383.983473215612,4385.268781551111,4382.698164880114,4403.720186591491,ranging
2025-12-30 14:12:00+00:00,4400.5,4404.4,4400.1,4401.8,985,5.029068896394079,4384.069534777919,4385.326802002018,4382.812267553821,4403.537311678016,ranging
2025-12-30 14:15:00+00:00,4401.9,4402.0,4396.7,4397.4,1121,5.0651930435415595,4384.1482067763545,4385.41450503724,4382.881908515469,4402.952805803919,ranging
2025-12-30 14:18:00+00:00,4397.3,4400.2,4396.2,4398.7,1065,4.923167304402685,4384.22047470192,4385.45126652802,4382.989682875819,4402.547776679736,ranging
2025-12-30 14:21:00+00:00,4398.4,4402.3,4397.9,4401.4,877,4.853411663815733,4384.288466912533,4385.501819828487,4383.07511399658,4402.438464614999,ranging
2025-12-30 14:24:00+00:00,4401.5,4402.2,4399.7,4401.0,519,4.539623441973635,4384.329503961011,4385.464409821505,4383.194598100517,4402.301467984999,ranging
2025-12-30 14:27:00+00:00,4401.3,4407.0,4401.1,4406.4,1502,4.734340316377151,4384.474475560138,4385.658060639232,4383.290890481044,4402.69180436738,ranging
2025-12-30 14:30:00+00:00,4406.4,4407.8,4396.3,4397.1,2734,5.6364282741935305,4384.676831794219,4386.085938862767,4383.267724725671,4402.159251570487,ranging
2025-12-30 14:33:00+00:00,4396.9,4400.1,4392.7,4392.7,2374,5.871571170967799,4384.791306159911,4386.259198952653,4383.323413367169,4401.258370468536,ranging
2025-12-30 14:36:00+00:00,4393.0,4398.6,4389.3,4391.3,2373,6.328695014838784,4384.88060211416,4386.46277586787,4383.29842836045,4400.309954233437,ranging
2025-12-30 14:39:00+00:00,4390.8,4393.8,4381.0,4382.6,4293,7.191535679526971,4384.898206270694,4386.696090190575,4383.100322350812,4398.623291925491,trending_down
2025-12-30 14:42:00+00:00,4382.6,4387.4,4378.6,4386.5,3142,7.405997588923277,4384.88809627489,4386.739595672121,4383.036596877659,4397.468692694491,trending_down
2025-12-30 14:45:00+00:00,4386.2,4388.0,4370.7,4371.8,4834,8.725197910400198,4384.720397847101,4386.901697324701,4382.539098369501,4395.024055295016,trending_down
2025-12-30 14:48:00+00:00,4371.8,4379.9,4371.7,4377.6,3545,8.655171522346814,4384.595271386231,4386.759064266817,4382.431478505644,4393.3646214573955,trending_down
2025-12-30 14:51:00+00:00,4377.8,4384.8,4377.6,4384.1,2485,8.461148652700548,4384.569936569373,4386.6852237325475,4382.454649406198,4392.482276556691,trending_down
2025-12-30 14:54:00+00:00,4384.0,4386.7,4378.9,4382.1,2223,8.372995499007166,4384.551414929545,4386.644663804297,4382.458166054793,4391.493488313197,trending_down
2025-12-30 14:57:00+00:00,4382.4,4384.4,4377.9,4381.4,1746,8.12326276580621,4384.527493372752,4386.558309064204,4382.496677681301,4390.53220371194,trending_down
2025-12-30 15:00:00+00:00,4381.3,4387.3,4379.0,4379.5,2328,8.146827730365407,4384.502794159748,4386.539501092339,4382.466087227157,4389.481517644137,trending_down
2025-12-30 15:03:00+00:00,4379.7,4385.5,4376.5,4385.2,2479,8.260584032983353,4384.481688658199,4386.546834666445,4382.416542649954,4389.073754058982,trending_down
2025-12-30 15:06:00+00:00,4385.1,4389.1,4383.5,4387.7,2281,7.9058394952522875,4384.502597852395,4386.479057726208,4382.5261379785825,4388.942920339079,trending_down
2025-12-30 15:09:00+00:00,4387.6,4388.5,4382.2,4383.4,1622,7.691727562552007,4384.503874044078,4386.426805934716,4382.5809421534395,4388.415023163929,trending_down
2025-12-30 15:12:00+00:00,4383.4,4385.9,4379.9,4385.4,1546,7.466163887545073,4384.49915504005,4386.365696011936,4382.632614068164,4388.127878100697,trending_down
2025-12-30 15:15:00+00:00,4385.5,4390.2,4384.6,4389.1,1711,7.217342035872324,4384.522499268802,4386.32683477777,4382.718163759833,4388.220461138726,trending_down
2025-12-30 15:18:00+00:00,4389.3,4394.2,4387.0,4391.8,2325,7.215029764422657,4384.581219408855,4386.38497684996,4382.777461967749,4388.561369601704,ranging
2025-12-30 15:21:00+00:00,4392.1,4392.5,4386.1,4387.8,1564,7.106359129166254,4384.606789956001,4386.383379738293,4382.830200173709,4388.488858211066,trending_down
2025-12-30 15:24:00+00:00,4388.0,4389.2,4383.4,4386.8,1612,6.932177911944111,4384.61833673535,4386.351381213336,4382.885292257363,4388.328014571917,trending_down
2025-12-30 15:27:00+00:00,4386.5,4386.6,4381.2,4382.5,1519,6.7545541903516115,4384.611444569097,4386.3000831166855,4382.922806021509,4387.772965565068,trending_down
2025-12-30 15:30:00+00:00,4382.8,4384.2,4376.5,4383.4,2044,6.880613631638039,4384.586247006543,4386.306400414453,4382.866093598634,4387.356492654109,trending_down
2025-12-30 15:33:00+00:00,4383.3,4385.0,4380.9,4385.0,910,6.509865147419682,4384.58296387163,4386.210430158485,4382.955497584776,4387.1320647822895,trending_down
2025-12-30 15:36:00+00:00,4385.0,4387.9,4383.4,4387.3,1390,6.241883127763725,4384.591429295992,4386.1519000779335,4383.030958514051,4387.148058612547,trending_down
2025-12-30 15:39:00+00:00,4387.1,4390.8,4384.9,4385.1,1507,6.196298710728634,4384.60464646843,4386.153721146112,4383.055571790747,4386.953005411352,trending_down
2025-12-30 15:42:00+00:00,4385.0,4385.2,4375.4,4378.7,2568,6.6767922159648405,4384.5585615828595,4386.22775963685,4382.889363528869,4386.167004895985,trending_down
2025-12-30 15:45:00+00:00,4378.8,4381.2,4377.2,4380.4,1183,6.3198865871695284,4384.536897599816,4386.116869246609,4382.9569259530235,4385.617766334462,trending_down
2025-12-30 15:48:00+00:00,4380.5,4383.6,4379.2,4380.7,1059,6.063901708880331,4384.523767796049,4386.0397432232685,4383.007792368829,4385.149407635942,trending_down
2025-12-30 15:51:00+00:00,4380.6,4385.0,4380.6,4384.7,1050,5.8420481476962385,4384.519571973028,4385.980084009952,4383.059059936104,4385.106606908709,trending_down
2025-12-30 15:54:00+00:00,4384.6,4387.5,4383.4,4384.9,886,5.609775061336788,4384.521989825861,4385.924433591195,4383.119546060527,4385.086930060261,trending_down
2025-12-30 15:57:00+00:00,4384.9,4386.4,4381.1,4382.0,1041,5.568471719825119,4384.516855708431,4385.908973638387,4383.124737778475,4384.792936721188,trending_down
2025-12-30 16:00:00+00:00,4381.8,4382.0,4376.2,4378.6,1794,5.599342157181794,4384.480641670372,4385.880477209667,4383.080806131077,4384.203133223932,ranging
2025-12-30 16:03:00+00:00,4378.7,4380.4,4376.0,4378.8,1285,5.4394298695575065,4384.452523576814,4385.812381044204,4383.0926661094245,4383.688549107367,trending_down
2025-12-30 16:06:00+00:00,4378.6,4380.2,4373.6,4376.2,1459,5.594172553616433,4384.411858573926,4385.8104017123305,4383.013315435522,4382.975353954284,trending_down
2025-12-30 16:09:00+00:00,4375.5,4375.9,4371.7,4373.8,1579,5.448282879800908,4384.352212104815,4385.714282824766,4382.990141384865,4382.101510720543,trending_down
2025-12-30 16:12:00+00:00,4373.8,4377.0,4371.4,4375.1,1507,5.4685118291608354,4384.299642508553,4385.666770465843,4382.932514551263,4381.43470017573,trending_down
2025-12-30 16:15:00+00:00,4375.1,4381.4,4374.1,4381.2,1316,5.712710251939294,4384.274599320286,4385.702776883271,4382.846421757301,4381.412347778041,ranging
2025-12-30 16:18:00+00:00,4381.2,4387.1,4380.8,4383.4,2358,5.791015551680745,4384.270413076784,4385.718166964704,4382.822659188864,4381.601647989656,ranging
2025-12-30 16:21:00+00:00,4383.4,4384.7,4380.6,4383.8,1219,5.565546811456573,4384.26516464572,4385.656551348584,4382.873777942856,4381.8110148477845,trending_down
2025-12-30 16:24:00+00:00,4383.2,4386.4,4382.3,4386.1,1074,5.3701405699289575,4384.2676529194605,4385.610188061943,4382.925117776978,4382.219489624186,ranging
2025-12-30 16:27:00+00:00,4386.0,4388.2,4384.6,4385.4,1167,5.134121827271691,4384.274903274451,4385.558433731269,4382.991372817633,4382.522395374263,ranging
2025-12-30 16:30:00+00:00,4385.2,4385.2,4380.4,4382.3,1143,5.116238916968799,4384.268448982026,4385.547508711268,4382.989389252783,4382.501214862429,trending_down
2025-12-30 16:33:00+00:00,4382.5,4384.4,4380.8,4381.4,502,4.914073728039553,4384.264883303001,4385.493401735011,4383.036364870991,4382.396337256483,trending_down
2025-12-30 16:36:00+00:00,4381.4,4383.2,4378.3,4379.2,872,4.912197230967564,4384.252847259788,4385.480896567529,4383.024797952046,4382.091924184437,trending_down
2025-12-30 16:39:00+00:00,4379.0,4383.0,4378.6,4382.3,826,4.843904266838507,4384.2445202361605,4385.45549630287,4383.033544169451,4382.111740928776,trending_down
2025-12-30 16:42:00+00:00,4382.4,4383.9,4381.3,4383.3,478,4.5447170312599665,4384.242221055765,4385.37840031358,4383.106041797951,4382.224908459369,ranging
2025-12-30 16:45:00+00:00,4383.3,4384.4,4382.2,4383.3,482,4.232088093758613,4384.2406756321425,4385.298697655582,4383.182653608703,4382.327298129905,ranging
2025-12-30 16:48:00+00:00,4383.3,4387.4,4382.6,4386.1,773,4.3078096812573685,4384.243629705302,4385.320582125616,4383.166677284988,4382.686603069914,ranging
2025-12-30 16:51:00+00:00,4386.1,4386.4,4383.5,4384.7,593,4.1201017237563375,4384.244881122545,4385.2749065534845,4383.214855691605,4382.878355158493,ranging
2025-12-30 16:54:00+00:00,4384.9,4392.3,4384.5,4391.5,1459,4.6107548272555166,4384.270395549159,4385.423084255973,4383.117706842345,4383.699464191018,ranging
2025-12-30 16:57:00+00:00,4391.6,4396.1,4390.5,4393.6,2222,4.742654183621497,4384.338260932595,4385.523924478501,4383.15259738669,4384.642372363302,ranging
2025-12-30 17:00:00+00:00,4393.8,4397.2,4392.4,4396.1,1607,4.750300292471988,4384.396520831531,4385.584095904649,4383.208945758413,4385.733574995368,ranging
2025-12-30 17:03:00+00:00,4395.7,4397.8,4391.7,4391.9,1455,4.9302602534757725,4384.441829123852,4385.674394187221,4383.209264060482,4386.3208535672375,ranging
2025-12-30 17:06:00+00:00,4392.1,4395.9,4391.8,4393.2,868,4.819558886345597,4384.468173378021,4385.673063099607,4383.263283656434,4386.9760103703575,ranging
2025-12-30 17:09:00+00:00,4393.4,4394.3,4389.1,4389.7,1223,4.87028436816616,4384.494579282705,4385.712150374747,4383.277008190663,4387.235437954133,ranging
2025-12-30 17:12:00+00:00,4389.8,4391.7,4388.9,4389.4,835,4.5942464524106965,4384.509656295062,4385.658217908165,4383.361094681959,4387.441586720406,ranging
2025-12-30 17:15:00+00:00,4389.4,4391.9,4388.2,4389.7,926,4.475013592089246,4384.526078298657,4385.644831696679,4383.407324900635,4387.6566736994155,trending_up
2025-12-30 17:18:00+00:00,4389.8,4390.5,4387.6,4389.1,773,4.2650117798106315,4384.53752595656,4385.603778901513,4383.471273011607,4387.79413334709,ranging
2025-12-30 17:21:00+00:00,4389.0,4389.0,4383.9,4387.2,1769,4.389676875835978,4384.549931197594,4385.647350416552,4383.452511978635,4387.737549218796,ranging
2025-12-30 17:24:00+00:00,4387.2,4392.6,4387.2,4391.2,1536,4.524386625724587,4384.578595621697,4385.709692278128,4383.447498965265,4388.0673064360535,ranging
2025-12-30 17:27:00+00:00,4391.1,4391.5,4389.0,4390.4,668,4.2544684089613085,4384.590901499906,4385.654518602147,4383.527284397665,4388.289467727858,ranging
2025-12-30 17:30:00+00:00,4390.4,4391.9,4388.6,4389.8,559,4.1272059544330375,4384.600799441184,4385.632600929792,4383.568997952576,4388.433327944253,ranging
2025-12-30 17:33:00+00:00,4389.5,4390.1,4386.1,4386.2,721,4.110245160508633,4384.6074252457065,4385.634986535833,4383.57986395558,4388.2206300448,ranging
2025-12-30 17:36:00+00:00,4386.4,4387.8,4384.2,4386.0,824,4.042212472440864,4384.611095084735,4385.621648202845,4383.600541966625,4388.009141469104,ranging
2025-12-30 17:39:00+00:00,4386.0,4388.8,4382.4,4383.3,1165,4.356584142782156,4384.611920040955,4385.70106607665,4383.52277400526,4387.56065180538,ranging
2025-12-30 17:42:00+00:00,4383.4,4384.2,4380.2,4383.9,964,4.309039590411202,4384.606269535717,4385.68352943332,4383.529009638114,4387.212018300106,ranging
2025-12-30 17:45:00+00:00,4383.8,4384.8,4379.7,4381.5,1017,4.414500978356424,4384.597876988839,4385.701502233428,4383.49425174425,4386.668016557239,ranging
2025-12-30 17:48:00+00:00,4382.0,4382.6,4379.9,4382.4,532,4.185900847908997,4384.5928916803905,4385.639366892367,4383.546416468414,4386.261538789882,ranging
2025-12-30 17:51:00+00:00,4382.6,4384.8,4381.3,4384.4,598,4.094447401521131,4384.590829718204,4385.614441568584,4383.567217867824,4386.084249381322,ranging
2025-12-30 17:54:00+00:00,4384.6,4385.4,4383.4,4385.2,533,3.81518774798498,4384.590957033547,4385.544753970544,4383.63716009655,4386.0000351545295,ranging
2025-12-30 17:57:00+00:00,4385.1,4386.2,4384.5,4385.6,594,3.533162714920292,4384.59253012326,4385.47582080199,4383.70923944453,4385.961936568384,ranging
2025-12-30 18:00:00+00:00,4385.5,4387.5,4384.2,4387.3,846,3.5020743529309444,4384.597147841101,4385.472666429334,4383.721629252868,4386.0893711809185,ranging
2025-12-30 18:03:00+00:00,4387.5,4393.8,4386.8,4393.2,1358,3.9684644392068185,4384.62542633771,4385.617542447512,4383.633310227909,4386.766573925593,ranging
2025-12-30 18:06:00+00:00,4393.1,4394.3,4390.3,4390.4,1049,3.972669180645909,4384.648412508234,4385.641579803396,4383.655245213073,4387.112614504108,ranging
2025-12-30 18:09:00+00:00,4390.3,4392.0,4389.0,4390.6,742,3.842979956559788,4384.661970170694,4385.622715159834,4383.701225181554,4387.444746456097,ranging
2025-12-30 18:12:00+00:00,4390.3,4390.8,4386.6,4386.7,641,3.890582629018459,4384.668666555114,4385.641312212369,4383.69602089786,4387.373818222183,ranging
2025-12-30 18:15:00+00:00,4386.9,4387.0,4383.1,4384.3,849,3.891838278482616,4384.6690111579155,4385.641970727536,4383.696051588295,4387.081073629594,ranging
2025-12-30 18:18:00+00:00,4384.3,4386.4,4382.5,4382.5,906,3.8929265080182187,4384.66658468758,4385.639816314585,4383.693353060576,4386.644780902967,ranging
2025-12-30 18:21:00+00:00,4382.5,4385.4,4381.5,4385.2,995,3.893869640282408,4384.664648751951,4385.638116162022,4383.69118134188,4386.507182721732,ranging
2025-12-30 18:24:00+00:00,4385.4,4387.5,4385.2,4386.9,923,3.681353688244778,4384.66993319873,4385.590271620791,4383.749594776669,4386.544593891091,ranging
2025-12-30 18:27:00+00:00,4386.9,4387.5,4383.1,4386.2,1080,3.7771731964787594,4384.673000560864,4385.617293859984,4383.728707261745,4386.511775425272,ranging
2025-12-30 18:30:00+00:00,4386.4,4386.5,4381.9,4382.3,735,3.8868834369483065,4384.670522984548,4385.642243843786,4383.698802125311,4386.110653956199,ranging
2025-12-30 18:33:00+00:00,4382.7,4384.2,4381.7,4383.7,496,3.7019656453551995,4384.668304015998,4385.593795427337,4383.742812604659,4385.8810678651325,ranging
2025-12-30 18:36:00+00:00,4383.7,4385.1,4380.9,4381.3,661,3.768370225974603,4384.663818643867,4385.60591120036,4383.721726087373,4385.444775687501,ranging
2025-12-30 18:39:00+00:00,4381.3,4382.4,4379.7,4380.3,712,3.6259208625112986,4384.655484056654,4385.561964272282,4383.749003841026,4384.9547970505955,ranging
2025-12-30 18:42:00+00:00,4380.3,4381.7,4377.9,4381.5,904,3.649131414176483,4384.643770047847,4385.556052901391,4383.731487194304,4384.625768760063,ranging
2025-12-30 18:45:00+00:00,4381.2,4381.7,4378.1,4380.6,638,3.6425805589528792,4384.63509239072,4385.545737530459,4383.724447250982,4384.242362211486,ranging
2025-12-30 18:48:00+00:00,4380.6,4382.9,4379.3,4382.2,625,3.636903151092423,4384.629132078425,4385.538357866198,4383.719906290652,4384.047851524678,ranging
2025-12-30 18:51:00+00:00,4382.4,4382.4,4378.3,4378.9,518,3.6986493976133605,4384.621718455744,4385.546380805147,4383.69705610634,4383.557579950899,ranging
2025-12-30 18:54:00+00:00,4378.8,4380.4,4378.6,4379.6,252,3.445496144598149,4384.61786792468,4385.479241960829,4383.75649388853,4383.180667574623,ranging
2025-12-30 18:57:00+00:00,4379.3,4380.8,4378.7,4380.3,312,3.2660966586517777,4384.613483077526,4385.430007242189,4383.796958912863,4382.906318281802,ranging
2025-12-30 19:00:00+00:00,4380.1,4381.7,4379.1,4381.3,520,3.177283770831468,4384.60738738253,4385.401708325237,4383.813066439822,4382.753335588297,ranging
2025-12-30 19:03:00+00:00,4381.5,4383.5,4379.1,4381.6,932,3.340312601387224,4384.598458173027,4385.433536323374,4383.76338002268,4382.643494103697,ranging
2025-12-30 19:06:00+00:00,4381.9,4382.4,4379.5,4382.3,411,3.2816042545355457,4384.594536283726,4385.414937347359,4383.774135220092,4382.610780379535,ranging
2025-12-30 19:09:00+00:00,4382.1,4383.3,4381.1,4381.7,530,3.137390353930782,4384.590492885377,4385.37484047386,4383.806145296894,4382.524039391008,ranging
2025-12-30 19:12:00+00:00,4381.7,4383.1,4381.5,4381.8,188,2.9324049734067263,4384.589117657274,4385.322218900626,4383.856016413923,4382.455083258531,ranging
2025-12-30 19:15:00+00:00,4381.8,4382.3,4380.3,4382.3,291,2.8080843102858295,4384.5865592293385,4385.28858030691,4383.884538151767,4382.440313424385,ranging
2025-12-30 19:18:00+00:00,4382.3,4382.6,4379.5,4381.2,501,2.8470064022477675,4384.581371282389,4385.293122882951,4383.869619681827,4382.3221883363485,ranging
2025-12-30 19:21:00+00:00,4381.3,4381.4,4379.0,4380.8,361,2.787405548614683,4384.576892898749,4385.2737442859025,4383.880041511596,4382.177218018602,ranging
2025-12-30 19:24:00+00:00,4381.0,4382.9,4381.0,4381.7,311,2.695751475465986,4384.574394505719,4385.2483323745855,4383.900456636853,4382.131768683496,ranging
2025-12-30 19:27:00+00:00,4381.6,4381.6,4379.7,4381.0,308,2.6029846120705216,4384.570921422937,4385.221667575955,4383.92017526992,4382.02398118983,trending_down
2025-12-30 19:30:00+00:00,4381.3,4381.6,4378.2,4378.9,399,2.709253330461191,4384.565015361438,4385.242328694053,4383.887702028823,4381.726459171751,trending_down
2025-12-30 19:33:00+00:00,4379.0,4379.7,4376.1,4377.1,874,2.828019553066293,4384.547141662979,4385.254146551246,4383.840136774712,4381.2858440125365,trending_down
2025-12-30 19:36:00+00:00,4377.4,4377.8,4375.0,4376.1,599,2.8242836126574784,4384.5325928412885,4385.238663744453,4383.826521938124,4380.79195410658,trending_down
2025-12-30 19:39:00+00:00,4376.4,4378.0,4375.9,4377.0,443,2.7277124643031967,4384.52273465258,4385.204662768656,4383.840806536504,4380.43081562024,trending_down
2025-12-30 19:42:00+00:00,4377.0,4378.3,4376.4,4378.0,303,2.6173508023961767,4384.516540942417,4385.170878643016,4383.862203241818,4380.199309370693,trending_down
2025-12-30 19:45:00+00:00,4378.0,4378.7,4368.0,4368.6,2409,3.695037362076662,4384.426917106308,4385.3506764468275,4383.503157765788,4379.094613240151,trending_down
2025-12-30 19:48:00+00:00,4368.6,4368.9,4361.7,4364.5,2593,4.162365713799749,4384.281281428259,4385.321872856709,4383.240689999809,4377.704650074423,trending_down
2025-12-30 19:51:00+00:00,4364.5,4365.0,4356.0,4360.2,2356,4.807383618626449,4384.119441032677,4385.321286937334,4382.91759512802,4376.037540543525,trending_down
2025-12-30 19:54:00+00:00,4360.3,4362.2,4352.5,4353.9,2454,5.459732469476232,4383.923745692983,4385.288678810352,4382.558812575614,4373.929203348904,trending_down
2025-12-30 19:57:00+00:00,4353.8,4364.2,4353.8,4364.0,1915,6.118434806879352,4383.797227161939,4385.326835863659,4382.26761846022,4372.983564934722,trending_down
2025-12-30 20:00:00+00:00,4364.0,4365.6,4358.4,4358.8,1589,6.262643499295535,4383.694485088605,4385.260145963429,4382.128824213781,4371.632749226654,trending_down
2025-12-30 20:03:00+00:00,4358.4,4359.4,4355.7,4358.4,1627,5.92095769938944,4383.576040288483,4385.05627971333,4382.095800863635,4370.372487395543,trending_down
2025-12-30 20:06:00+00:00,4358.4,4360.0,4353.0,4356.2,1606,6.064830006137515,4383.453732723543,4384.969940225077,4381.937525222009,4369.022726691206,trending_down
2025-12-30 20:09:00+00:00,4356.3,4362.7,4355.8,4361.1,1419,6.176186005319131,4383.360309604955,4384.9043561062845,4381.816263103625,4368.268181292044,trending_down
2025-12-30 20:12:00+00:00,4360.7,4365.4,4360.5,4363.1,982,6.006027871276531,4383.304654483709,4384.806161451528,4381.80314751589,4367.775973549945,ranging
2025-12-30 20:15:00+00:00,4363.1,4367.1,4361.1,4366.2,1250,6.005224155106327,4383.24049043676,4384.741796475537,4381.739184397984,4367.625880830902,ranging
2025-12-30 20:18:00+00:00,4366.2,4366.4,4361.1,4362.6,845,5.911194267758719,4383.194015147322,4384.671813714262,4381.716216580382,4367.147225513673,ranging
2025-12-30 20:21:00+00:00,4362.8,4365.8,4362.0,4364.1,657,5.629701698724248,4383.15911881406,4384.566544238741,4381.751693389379,4366.85701355999,ranging
2025-12-30 20:24:00+00:00,4363.8,4367.6,4363.1,4365.2,1149,5.479074805561015,4383.102612264305,4384.472380965695,4381.732843562915,4366.699202744753,ranging
2025-12-30 20:27:00+00:00,4365.1,4367.9,4365.1,4365.4,757,5.121864831486116,4383.067312351552,4384.347778559423,4381.78684614368,4366.575469150015,ranging
2025-12-30 20:30:00+00:00,4365.7,4369.2,4365.1,4368.0,917,4.985616187287895,4383.02801527694,4384.274419323762,4381.781611230118,4366.711138754776,ranging
2025-12-30 20:33:00+00:00,4367.7,4369.9,4367.4,4368.9,534,4.654200695649509,4383.007122224838,4384.17067239875,4381.843572050926,4366.919601730511,trending_down
2025-12-30 20:36:00+00:00,4369.3,4370.5,4368.4,4369.4,563,4.31364060289629,4382.986237589398,4384.064647740122,4381.907827438674,4367.15583013713,trending_down
2025-12-30 20:39:00+00:00,4369.3,4370.0,4365.6,4366.4,882,4.325155189176736,4382.9485988238785,4384.029887621173,4381.867310026584,4367.0838463145465,trending_down
2025-12-30 20:42:00+00:00,4366.5,4366.6,4361.3,4363.9,1144,4.4551344972865285,4382.889476993266,4384.003260617587,4381.775693368944,4366.780622856018,trending_down
2025-12-30 20:45:00+00:00,4364.0,4367.0,4361.4,4363.2,972,4.607783230981707,4382.839356581688,4383.991302389433,4381.687410773942,4366.439611155445,trending_down
2025-12-30 20:48:00+00:00,4363.2,4363.3,4360.0,4360.9,785,4.433412133517503,4382.793833468578,4383.902186501957,4381.685480435199,4365.912029140641,trending_down
2025-12-30 20:51:00+00:00,4360.8,4361.6,4357.8,4357.9,1094,4.348957182381861,4382.723926582774,4383.811165878369,4381.636687287179,4365.148978746294,trending_down
2025-12-30 20:54:00+00:00,4358.1,4363.0,4357.0,4361.4,915,4.569096224730947,4382.669138044366,4383.811412100549,4381.526863988183,4364.791933151409,trending_down
2025-12-30 20:57:00+00:00,4361.5,4362.6,4353.0,4357.7,1354,5.239883394766869,4382.578756671125,4383.888727519817,4381.2687858224335,4364.116510946513,trending_down
2025-12-30 21:00:00+00:00,4357.9,4362.3,4356.6,4361.7,824,5.301232275464596,4382.529436701463,4383.8547447703295,4381.204128632597,4363.8863670468445,trending_down
2025-12-30 21:03:00+00:00,4362.0,4364.3,4361.7,4363.4,430,4.941067972069366,4382.507155254325,4383.742422247342,4381.271888261308,4363.840046375716,trending_down
2025-12-30 21:06:00+00:00,4363.5,4365.0,4362.9,4364.1,311,4.562258909126832,4382.491791412636,4383.632356139918,4381.351226685355,4363.864803863743,trending_down
2025-12-30 21:09:00+00:00,4364.5,4366.1,4363.3,4365.8,337,4.327291054576612,4382.476130572187,4383.557953335831,4381.394307808542,4364.049108257673,ranging
2025-12-30 21:12:00+00:00,4366.0,4366.2,4363.5,4363.9,329,4.110318913966373,4382.46040108999,4383.487980818481,4381.432821361499,4364.034907471228,trending_down
2025-12-30 21:15:00+00:00,4364.1,4364.5,4362.4,4363.3,233,3.842276392104239,4382.448574847259,4383.409143945285,4381.488005749233,4363.964916283491,trending_down
2025-12-30 21:18:00+00:00,4362.9,4363.8,4362.3,4362.7,230,3.5299728731570075,4382.436629612578,4383.319122830867,4381.554136394289,4363.8444480660155,trending_down
2025-12-30 21:21:00+00:00,4362.7,4363.6,4361.7,4362.3,199,3.3126431567361463,4382.426094454316,4383.2542552435,4381.597933665132,4363.697357774014,trending_down
2025-12-30 21:24:00+00:00,4362.4,4364.6,4362.1,4364.1,164,3.2042907358379935,4382.41788569251,4383.218958376469,4381.616813008551,4363.7357046526795,ranging
2025-12-30 21:27:00+00:00,4364.0,4364.0,4361.8,4362.0,184,3.0837186377262857,4382.408195412929,4383.17912507236,4381.637265753498,4363.570399447663,trending_down
2025-12-30 21:30:00+00:00,4361.9,4362.6,4361.3,4362.2,198,2.8458894860294723,4382.397480402938,4383.108952774445,4381.68600803143,4363.439885214552,trending_down
2025-12-30 21:33:00+00:00,4362.3,4362.5,4361.4,4361.9,201,2.6131042212255915,4382.3865612078125,4383.039837263119,4381.733285152506,4363.293229479833,trending_down
2025-12-30 21:36:00+00:00,4361.9,4362.4,4361.3,4361.7,172,2.4113569917287734,4382.377165815367,4382.980005063299,4381.774326567435,4363.141493338896,trending_down
2025-12-30 21:39:00+00:00,4361.9,4362.7,4361.1,4361.4,153,2.3031760594981976,4382.368788436579,4382.944582451453,4381.792994421705,4362.97563683043,trending_down
2025-12-30 21:42:00+00:00,4361.7,4364.8,4361.5,4364.0,341,2.4494192515651774,4382.3516778891035,4382.964032701995,4381.739323076212,4363.073195227532,trending_down
2025-12-30 21:45:00+00:00,4364.0,4364.8,4363.3,4364.0,243,2.322830018023154,4382.339889710426,4382.920597214932,4381.75918220592,4363.161462348719,trending_down
2025-12-30 21:48:00+00:00,4364.1,4364.3,4360.6,4361.6,368,2.5064526822867093,4382.320249131348,4382.946862301919,4381.693635960776,4363.012751648841,trending_down
2025-12-30 21:51:00+00:00,4361.9,4361.9,4353.9,4355.9,926,3.238925657981815,4382.258939772221,4383.0686711867165,4381.449208357726,4362.335346729904,trending_down
2025-12-30 21:54:00+00:00,4356.0,4356.1,4350.6,4351.4,771,3.540402236917573,4382.198915218286,4383.084015777516,4381.313814659056,4361.29388513658,trending_down
2025-12-30 21:57:00+00:00,4351.7,4354.5,4349.4,4353.0,755,3.7483486053286117,4382.139578251391,4383.076665402723,4381.202491100059,4360.503991314048,trending_down
2025-12-30 23:00:00+00:00,4352.4,4358.2,4352.3,4357.5,766,4.035235457951415,4382.087051960748,4383.095860825236,4381.07824309626,4360.217896903187,trending_down
2025-12-30 23:03:00+00:00,4357.3,4359.5,4352.9,4353.9,906,4.377204063557941,4382.023853802455,4383.118154818345,4380.929552786565,4359.616192436216,trending_down
2025-12-30 23:06:00+00:00,4354.0,4359.3,4353.5,4357.1,498,4.566910188416907,4381.990805153484,4383.132532700588,4380.84907760638,4359.376555061338,trending_down
2025-12-30 23:09:00+00:00,4356.9,4358.2,4355.6,4357.5,344,4.304655496627913,4381.968445768681,4383.044609642838,4380.892281894524,4359.197835531687,trending_down
2025-12-30 23:12:00+00:00,4357.5,4358.7,4355.0,4358.1,489,4.224034763744167,4381.936943245487,4382.992951936423,4380.880934554551,4359.093279766764,trending_down
2025-12-30 23:15:00+00:00,4358.0,4358.0,4355.8,4356.4,337,3.967496795244969,4381.914811311577,4382.906685510388,4380.922937112766,4358.836776931834,ranging
2025-12-30 23:18:00+00:00,4356.4,4356.5,4351.8,4354.7,842,4.0651638892122826,4381.8544297226135,4382.870720694917,4380.8381387503105,4358.442798176421,ranging
2025-12-30 23:21:00+00:00,4354.9,4355.8,4353.2,4354.2,442,3.8698087039840265,4381.822915195019,4382.790367371015,4380.855463019023,4358.038722159619,ranging
2025-12-30 23:24:00+00:00,4354.0,4354.6,4345.7,4347.4,1401,4.540500876786229,4381.704770086538,4382.839895305734,4380.569644867342,4357.02551052537,ranging
2025-12-30 23:27:00+00:00,4347.2,4350.4,4343.9,4346.2,1708,4.801767426548066,4381.551329116914,4382.75177097355,4380.350887260277,4355.994509522954,trending_down
2025-12-30 23:30:00+00:00,4345.9,4351.0,4344.9,4345.9,1280,4.974865103008373,4381.438644738025,4382.682361013777,4380.194928462272,4355.033127663625,ranging
2025-12-30 23:33:00+00:00,4345.7,4348.7,4339.0,4347.3,1922,5.6048830892738986,4381.259694864411,4382.660915636729,4379.858474092093,4354.296639314708,ranging
2025-12-30 23:36:00+00:00,4347.1,4354.6,4346.5,4352.0,1454,5.937565344037427,4381.1478140595,4382.632205395509,4379.663422723491,4354.077911760926,ranging
2025-12-30 23:39:00+00:00,4352.0,4353.7,4351.0,4352.0,550,5.505889964832413,4381.107386665514,4382.483859156722,4379.730914174306,4353.880015402743,ranging
2025-12-30 23:42:00+00:00,4352.2,4353.3,4350.2,4351.1,534,5.18510463618814,4381.0672943983955,4382.3635705574425,4379.771018239348,4353.615252031053,ranging
2025-12-30 23:45:00+00:00,4351.2,4351.4,4347.4,4348.1,898,5.027090684696389,4380.994279847587,4382.251052518761,4379.737507176413,4353.089989932858,trending_down
2025-12-30 23:48:00+00:00,4347.9,4349.0,4345.0,4346.9,1211,4.890145260070204,4380.890224335503,4382.112760650521,4379.667688020486,4352.500467082109,ranging
2025-12-30 23:51:00+00:00,4346.9,4349.1,4345.1,4346.5,650,4.771459225394177,4380.83452569429,4382.027390500639,4379.641660887942,4351.92899402667,trending_down
2025-12-30 23:54:00+00:00,4346.6,4351.4,4346.6,4349.7,759,4.788597995341571,4380.774173613505,4381.9713231123405,4379.577024114669,4351.716708881273,ranging
2025-12-30 23:57:00+00:00,4349.9,4351.9,4349.9,4351.0,407,4.443451595962671,4380.743644940469,4381.854507839459,4379.632782041478,4351.6484508925805,ranging
2025-12-31 00:00:00+00:00,4351.0,4355.0,4350.6,4354.6,1011,4.437658049834266,4353.400000000001,4354.509414512459,4352.290585487542,4351.929550807573,ranging
2025-12-31 00:03:00+00:00,4354.7,4356.4,4353.1,4353.7,764,4.285970309856268,4353.830422535212,4354.901915112676,4352.7589299577485,4352.098165016376,ranging
2025-12-31 00:06:00+00:00,4353.8,4355.9,4352.8,4353.3,562,4.127840935208693,4353.871202396234,4354.903162630037,4352.839242162432,4352.212625491007,trending_down
2025-12-31 00:09:00+00:00,4352.9,4354.3,4352.0,4353.8,523,3.8841288105142247,4353.778939393939,4354.749971596568,4352.807907191311,4352.363804015673,ranging
2025-12-31 00:12:00+00:00,4353.8,4355.9,4352.8,4353.6,684,3.779578302445589,4353.840904815651,4354.785799391262,4352.89601024004,4352.481536966561,ranging
2025-12-31 00:15:00+00:00,4353.5,4353.5,4350.3,4352.0,940,3.7156345287862016,4353.441012488849,4354.369921121046,4352.512103856652,4352.435676303079,ranging
2025-12-31 00:18:00+00:00,4351.8,4352.6,4349.5,4350.3,610,3.63354992494809,4353.124754613271,4354.033142094508,4352.216367132034,4352.232278559928,ranging
